{
  "version": 1,
  "author": "Anonymous maker",
  "editor": "wokwi",
  "parts": [
    { "type": "wokwi-esp32-devkit-v1", "id": "esp", "top": 67.33, "left": -53.34, "attrs": {} },
    {
      "type": "wokwi-pir-motion-sensor",
      "id": "pir1",
      "top": -90.13,
      "left": -160.99,
      "attrs": {}
    }
  ],
  "connections": [
    [ "esp:TX0", "$serialMonitor:RX", "", [] ],
    [ "esp:RX0", "$serialMonitor:TX", "", [] ],
    [ "pir1:GND", "esp:GND.2", "black", [ "v0" ] ],
    [ "pir1:VCC", "esp:VIN", "red", [ "v0" ] ],
    [ "esp:D2", "pir1:OUT", "green", [ "h41.2", "v-156.16", "h-253.56" ] ]
  ],
  "dependencies": {}
}